id,consulta,persona,inicio,fin,segundos,resultado,documento,pagina
A014,¿cómo se dice sueldo en quechua wanka?,P1,,,,,,
A016,¿cómo se dice voluntariamente en quechua wanka?,P1,,,,,,
A029,¿cómo se dice olvido en quechua wanka?,P1,,,,,,
A041,¿cómo se dice eructar en quechua wanka?,P1,,,,,,
A054,¿cómo se dice visitar en quechua wanka?,P1,,,,,,
A065,¿cómo se dice ensangrentar en quechua wanka?,P1,,,,,,
A066,¿cómo se dice araña en quechua wanka?,P1,,,,,,
A071,¿cómo se dice comportarse en quechua wanka?,P1,,,,,,
A072,¿cómo se dice almacenar en quechua wanka?,P1,,,,,,
A074,¿cómo se dice febrero en quechua wanka?,P1,,,,,,
A077,¿cómo se dice próximo en quechua wanka?,P1,,,,,,
A080,¿cómo se dice atajar en quechua wanka?,P1,,,,,,
A083,¿cómo se dice miedoso en quechua wanka?,P1,,,,,,
A094,¿cómo se dice asistente en quechua wanka?,P1,,,,,,
A100,¿cómo se dice ombligo en quechua wanka?,P1,,,,,,
A101,¿cómo se dice piojoso en quechua wanka?,P1,,,,,,
A108,¿cómo se dice oscuro en quechua wanka?,P1,,,,,,
A111,¿cómo se dice corazón en quechua wanka?,P1,,,,,,
A114,¿cómo se dice cascada en quechua wanka?,P1,,,,,,
A115,¿cómo se dice deposito en quechua wanka?,P1,,,,,,
C008,¿cómo se dice submarino en quechua wanka?,P1,,,,,,
C015,¿cómo se dice quimioterapia en quechua wanka?,P1,,,,,,
C016,¿cómo se dice placa base en quechua wanka?,P1,,,,,,
C019,¿cómo se dice endoscopia en quechua wanka?,P1,,,,,,
C025,¿cómo se dice cajero automático en quechua wanka?,P1,,,,,,
A014,¿cómo se dice sueldo en quechua wanka?,P2,,,,,,
A016,¿cómo se dice voluntariamente en quechua wanka?,P2,,,,,,
A029,¿cómo se dice olvido en quechua wanka?,P2,,,,,,
A041,¿cómo se dice eructar en quechua wanka?,P2,,,,,,
A054,¿cómo se dice visitar en quechua wanka?,P2,,,,,,
A065,¿cómo se dice ensangrentar en quechua wanka?,P2,,,,,,
A066,¿cómo se dice araña en quechua wanka?,P2,,,,,,
A071,¿cómo se dice comportarse en quechua wanka?,P2,,,,,,
A072,¿cómo se dice almacenar en quechua wanka?,P2,,,,,,
A074,¿cómo se dice febrero en quechua wanka?,P2,,,,,,
A077,¿cómo se dice próximo en quechua wanka?,P2,,,,,,
A080,¿cómo se dice atajar en quechua wanka?,P2,,,,,,
A083,¿cómo se dice miedoso en quechua wanka?,P2,,,,,,
A094,¿cómo se dice asistente en quechua wanka?,P2,,,,,,
A100,¿cómo se dice ombligo en quechua wanka?,P2,,,,,,
A101,¿cómo se dice piojoso en quechua wanka?,P2,,,,,,
A108,¿cómo se dice oscuro en quechua wanka?,P2,,,,,,
A111,¿cómo se dice corazón en quechua wanka?,P2,,,,,,
A114,¿cómo se dice cascada en quechua wanka?,P2,,,,,,
A115,¿cómo se dice deposito en quechua wanka?,P2,,,,,,
C008,¿cómo se dice submarino en quechua wanka?,P2,,,,,,
C015,¿cómo se dice quimioterapia en quechua wanka?,P2,,,,,,
C016,¿cómo se dice placa base en quechua wanka?,P2,,,,,,
C019,¿cómo se dice endoscopia en quechua wanka?,P2,,,,,,
C025,¿cómo se dice cajero automático en quechua wanka?,P2,,,,,,
