tau,regla_lema,vp,fp,vn,fn,precision,recall,f1,especificidad
0.00,si,180,28,0,0,0.8654,1.0000,0.9278,0.0000
0.00,no,180,28,0,0,0.8654,1.0000,0.9278,0.0000
0.01,si,180,28,0,0,0.8654,1.0000,0.9278,0.0000
0.01,no,180,28,0,0,0.8654,1.0000,0.9278,0.0000
0.02,si,180,28,0,0,0.8654,1.0000,0.9278,0.0000
0.02,no,180,28,0,0,0.8654,1.0000,0.9278,0.0000
0.03,si,180,28,0,0,0.8654,1.0000,0.9278,0.0000
0.03,no,180,28,0,0,0.8654,1.0000,0.9278,0.0000
0.04,si,180,28,0,0,0.8654,1.0000,0.9278,0.0000
0.04,no,180,28,0,0,0.8654,1.0000,0.9278,0.0000
0.05,si,180,27,1,0,0.8696,1.0000,0.9302,0.0357
0.05,no,180,27,1,0,0.8696,1.0000,0.9302,0.0357
0.06,si,180,24,4,0,0.8824,1.0000,0.9375,0.1429
0.06,no,180,24,4,0,0.8824,1.0000,0.9375,0.1429
0.07,si,180,20,8,0,0.9000,1.0000,0.9474,0.2857
0.07,no,180,20,8,0,0.9000,1.0000,0.9474,0.2857
0.08,si,180,18,10,0,0.9091,1.0000,0.9524,0.3571
0.08,no,180,18,10,0,0.9091,1.0000,0.9524,0.3571
0.09,si,180,15,13,0,0.9231,1.0000,0.9600,0.4643
0.09,no,180,15,13,0,0.9231,1.0000,0.9600,0.4643
0.10,si,180,12,16,0,0.9375,1.0000,0.9677,0.5714
0.10,no,180,12,16,0,0.9375,1.0000,0.9677,0.5714
0.11,si,180,11,17,0,0.9424,1.0000,0.9704,0.6071
0.11,no,180,11,17,0,0.9424,1.0000,0.9704,0.6071
0.12,si,180,10,18,0,0.9474,1.0000,0.9730,0.6429
0.12,no,180,10,18,0,0.9474,1.0000,0.9730,0.6429
0.13,si,180,9,19,0,0.9524,1.0000,0.9756,0.6786
0.13,no,180,9,19,0,0.9524,1.0000,0.9756,0.6786
0.14,si,180,8,20,0,0.9574,1.0000,0.9783,0.7143
0.14,no,180,8,20,0,0.9574,1.0000,0.9783,0.7143
0.15,si,180,8,20,0,0.9574,1.0000,0.9783,0.7143
0.15,no,180,8,20,0,0.9574,1.0000,0.9783,0.7143
0.16,si,180,7,21,0,0.9626,1.0000,0.9809,0.7500
0.16,no,180,7,21,0,0.9626,1.0000,0.9809,0.7500
0.17,si,180,6,22,0,0.9677,1.0000,0.9836,0.7857
0.17,no,180,6,22,0,0.9677,1.0000,0.9836,0.7857
0.18,si,180,6,22,0,0.9677,1.0000,0.9836,0.7857
0.18,no,180,6,22,0,0.9677,1.0000,0.9836,0.7857
0.19,si,180,6,22,0,0.9677,1.0000,0.9836,0.7857
0.19,no,180,6,22,0,0.9677,1.0000,0.9836,0.7857
0.20,si,180,6,22,0,0.9677,1.0000,0.9836,0.7857
0.20,no,180,6,22,0,0.9677,1.0000,0.9836,0.7857
0.21,si,180,6,22,0,0.9677,1.0000,0.9836,0.7857
0.21,no,180,6,22,0,0.9677,1.0000,0.9836,0.7857
0.22,si,180,6,22,0,0.9677,1.0000,0.9836,0.7857
0.22,no,180,6,22,0,0.9677,1.0000,0.9836,0.7857
0.23,si,180,5,23,0,0.9730,1.0000,0.9863,0.8214
0.23,no,180,5,23,0,0.9730,1.0000,0.9863,0.8214
0.24,si,180,5,23,0,0.9730,1.0000,0.9863,0.8214
0.24,no,180,5,23,0,0.9730,1.0000,0.9863,0.8214
0.25,si,180,3,25,0,0.9836,1.0000,0.9917,0.8929
0.25,no,180,3,25,0,0.9836,1.0000,0.9917,0.8929
0.26,si,180,1,27,0,0.9945,1.0000,0.9972,0.9643
0.26,no,180,1,27,0,0.9945,1.0000,0.9972,0.9643
0.27,si,180,1,27,0,0.9945,1.0000,0.9972,0.9643
0.27,no,180,1,27,0,0.9945,1.0000,0.9972,0.9643
0.28,si,180,1,27,0,0.9945,1.0000,0.9972,0.9643
0.28,no,180,1,27,0,0.9945,1.0000,0.9972,0.9643
0.29,si,180,1,27,0,0.9945,1.0000,0.9972,0.9643
0.29,no,180,1,27,0,0.9945,1.0000,0.9972,0.9643
0.30,si,180,1,27,0,0.9945,1.0000,0.9972,0.9643
0.30,no,180,1,27,0,0.9945,1.0000,0.9972,0.9643
0.31,si,180,1,27,0,0.9945,1.0000,0.9972,0.9643
0.31,no,178,1,27,2,0.9944,0.9889,0.9916,0.9643
0.32,si,180,1,27,0,0.9945,1.0000,0.9972,0.9643
0.32,no,178,1,27,2,0.9944,0.9889,0.9916,0.9643
0.33,si,180,1,27,0,0.9945,1.0000,0.9972,0.9643
0.33,no,178,1,27,2,0.9944,0.9889,0.9916,0.9643
0.34,si,180,1,27,0,0.9945,1.0000,0.9972,0.9643
0.34,no,178,1,27,2,0.9944,0.9889,0.9916,0.9643
0.35,si,180,1,27,0,0.9945,1.0000,0.9972,0.9643
0.35,no,178,1,27,2,0.9944,0.9889,0.9916,0.9643
0.36,si,180,1,27,0,0.9945,1.0000,0.9972,0.9643
0.36,no,176,1,27,4,0.9944,0.9778,0.9860,0.9643
0.37,si,180,1,27,0,0.9945,1.0000,0.9972,0.9643
0.37,no,176,1,27,4,0.9944,0.9778,0.9860,0.9643
0.38,si,180,1,27,0,0.9945,1.0000,0.9972,0.9643
0.38,no,173,1,27,7,0.9943,0.9611,0.9774,0.9643
0.39,si,180,1,27,0,0.9945,1.0000,0.9972,0.9643
0.39,no,172,1,27,8,0.9942,0.9556,0.9745,0.9643
0.40,si,180,1,27,0,0.9945,1.0000,0.9972,0.9643
0.40,no,171,1,27,9,0.9942,0.9500,0.9716,0.9643
0.41,si,180,1,27,0,0.9945,1.0000,0.9972,0.9643
0.41,no,171,1,27,9,0.9942,0.9500,0.9716,0.9643
0.42,si,180,1,27,0,0.9945,1.0000,0.9972,0.9643
0.42,no,171,1,27,9,0.9942,0.9500,0.9716,0.9643
0.43,si,180,1,27,0,0.9945,1.0000,0.9972,0.9643
0.43,no,170,1,27,10,0.9942,0.9444,0.9687,0.9643
0.44,si,180,1,27,0,0.9945,1.0000,0.9972,0.9643
0.44,no,170,1,27,10,0.9942,0.9444,0.9687,0.9643
0.45,si,180,1,27,0,0.9945,1.0000,0.9972,0.9643
0.45,no,169,1,27,11,0.9941,0.9389,0.9657,0.9643
0.46,si,180,1,27,0,0.9945,1.0000,0.9972,0.9643
0.46,no,167,1,27,13,0.9940,0.9278,0.9598,0.9643
0.47,si,180,0,28,0,1.0000,1.0000,1.0000,1.0000
0.47,no,167,0,28,13,1.0000,0.9278,0.9625,1.0000
0.48,si,180,0,28,0,1.0000,1.0000,1.0000,1.0000
0.48,no,165,0,28,15,1.0000,0.9167,0.9565,1.0000
0.49,si,180,0,28,0,1.0000,1.0000,1.0000,1.0000
0.49,no,165,0,28,15,1.0000,0.9167,0.9565,1.0000
0.50,si,180,0,28,0,1.0000,1.0000,1.0000,1.0000
0.50,no,164,0,28,16,1.0000,0.9111,0.9535,1.0000
0.51,si,180,0,28,0,1.0000,1.0000,1.0000,1.0000
0.51,no,153,0,28,27,1.0000,0.8500,0.9189,1.0000
0.52,si,180,0,28,0,1.0000,1.0000,1.0000,1.0000
0.52,no,145,0,28,35,1.0000,0.8056,0.8923,1.0000
0.53,si,180,0,28,0,1.0000,1.0000,1.0000,1.0000
0.53,no,141,0,28,39,1.0000,0.7833,0.8785,1.0000
0.54,si,180,0,28,0,1.0000,1.0000,1.0000,1.0000
0.54,no,139,0,28,41,1.0000,0.7722,0.8715,1.0000
0.55,si,180,0,28,0,1.0000,1.0000,1.0000,1.0000
0.55,no,135,0,28,45,1.0000,0.7500,0.8571,1.0000
0.56,si,180,0,28,0,1.0000,1.0000,1.0000,1.0000
0.56,no,131,0,28,49,1.0000,0.7278,0.8424,1.0000
0.57,si,180,0,28,0,1.0000,1.0000,1.0000,1.0000
0.57,no,131,0,28,49,1.0000,0.7278,0.8424,1.0000
0.58,si,180,0,28,0,1.0000,1.0000,1.0000,1.0000
0.58,no,122,0,28,58,1.0000,0.6778,0.8079,1.0000
0.59,si,180,0,28,0,1.0000,1.0000,1.0000,1.0000
0.59,no,122,0,28,58,1.0000,0.6778,0.8079,1.0000
0.60,si,180,0,28,0,1.0000,1.0000,1.0000,1.0000
0.60,no,112,0,28,68,1.0000,0.6222,0.7671,1.0000
0.61,si,180,0,28,0,1.0000,1.0000,1.0000,1.0000
0.61,no,104,0,28,76,1.0000,0.5778,0.7324,1.0000
0.62,si,180,0,28,0,1.0000,1.0000,1.0000,1.0000
0.62,no,99,0,28,81,1.0000,0.5500,0.7097,1.0000
0.63,si,180,0,28,0,1.0000,1.0000,1.0000,1.0000
0.63,no,88,0,28,92,1.0000,0.4889,0.6567,1.0000
0.64,si,180,0,28,0,1.0000,1.0000,1.0000,1.0000
0.64,no,78,0,28,102,1.0000,0.4333,0.6047,1.0000
0.65,si,180,0,28,0,1.0000,1.0000,1.0000,1.0000
0.65,no,64,0,28,116,1.0000,0.3556,0.5246,1.0000
0.66,si,180,0,28,0,1.0000,1.0000,1.0000,1.0000
0.66,no,60,0,28,120,1.0000,0.3333,0.5000,1.0000
0.67,si,180,0,28,0,1.0000,1.0000,1.0000,1.0000
0.67,no,52,0,28,128,1.0000,0.2889,0.4483,1.0000
0.68,si,180,0,28,0,1.0000,1.0000,1.0000,1.0000
0.68,no,38,0,28,142,1.0000,0.2111,0.3486,1.0000
0.69,si,180,0,28,0,1.0000,1.0000,1.0000,1.0000
0.69,no,28,0,28,152,1.0000,0.1556,0.2692,1.0000
0.70,si,180,0,28,0,1.0000,1.0000,1.0000,1.0000
0.70,no,23,0,28,157,1.0000,0.1278,0.2266,1.0000
0.71,si,180,0,28,0,1.0000,1.0000,1.0000,1.0000
0.71,no,21,0,28,159,1.0000,0.1167,0.2090,1.0000
0.72,si,180,0,28,0,1.0000,1.0000,1.0000,1.0000
0.72,no,17,0,28,163,1.0000,0.0944,0.1726,1.0000
0.73,si,180,0,28,0,1.0000,1.0000,1.0000,1.0000
0.73,no,13,0,28,167,1.0000,0.0722,0.1347,1.0000
0.74,si,180,0,28,0,1.0000,1.0000,1.0000,1.0000
0.74,no,9,0,28,171,1.0000,0.0500,0.0952,1.0000
0.75,si,180,0,28,0,1.0000,1.0000,1.0000,1.0000
0.75,no,9,0,28,171,1.0000,0.0500,0.0952,1.0000
0.76,si,180,0,28,0,1.0000,1.0000,1.0000,1.0000
0.76,no,7,0,28,173,1.0000,0.0389,0.0749,1.0000
0.77,si,180,0,28,0,1.0000,1.0000,1.0000,1.0000
0.77,no,5,0,28,175,1.0000,0.0278,0.0541,1.0000
0.78,si,180,0,28,0,1.0000,1.0000,1.0000,1.0000
0.78,no,4,0,28,176,1.0000,0.0222,0.0435,1.0000
0.79,si,180,0,28,0,1.0000,1.0000,1.0000,1.0000
0.79,no,0,0,28,180,0.0000,0.0000,0.0000,1.0000
0.80,si,180,0,28,0,1.0000,1.0000,1.0000,1.0000
0.80,no,0,0,28,180,0.0000,0.0000,0.0000,1.0000
0.81,si,180,0,28,0,1.0000,1.0000,1.0000,1.0000
0.81,no,0,0,28,180,0.0000,0.0000,0.0000,1.0000
0.82,si,180,0,28,0,1.0000,1.0000,1.0000,1.0000
0.82,no,0,0,28,180,0.0000,0.0000,0.0000,1.0000
0.83,si,180,0,28,0,1.0000,1.0000,1.0000,1.0000
0.83,no,0,0,28,180,0.0000,0.0000,0.0000,1.0000
0.84,si,180,0,28,0,1.0000,1.0000,1.0000,1.0000
0.84,no,0,0,28,180,0.0000,0.0000,0.0000,1.0000
0.85,si,180,0,28,0,1.0000,1.0000,1.0000,1.0000
0.85,no,0,0,28,180,0.0000,0.0000,0.0000,1.0000
0.86,si,180,0,28,0,1.0000,1.0000,1.0000,1.0000
0.86,no,0,0,28,180,0.0000,0.0000,0.0000,1.0000
0.87,si,180,0,28,0,1.0000,1.0000,1.0000,1.0000
0.87,no,0,0,28,180,0.0000,0.0000,0.0000,1.0000
0.88,si,180,0,28,0,1.0000,1.0000,1.0000,1.0000
0.88,no,0,0,28,180,0.0000,0.0000,0.0000,1.0000
0.89,si,180,0,28,0,1.0000,1.0000,1.0000,1.0000
0.89,no,0,0,28,180,0.0000,0.0000,0.0000,1.0000
0.90,si,180,0,28,0,1.0000,1.0000,1.0000,1.0000
0.90,no,0,0,28,180,0.0000,0.0000,0.0000,1.0000
0.91,si,180,0,28,0,1.0000,1.0000,1.0000,1.0000
0.91,no,0,0,28,180,0.0000,0.0000,0.0000,1.0000
0.92,si,180,0,28,0,1.0000,1.0000,1.0000,1.0000
0.92,no,0,0,28,180,0.0000,0.0000,0.0000,1.0000
0.93,si,180,0,28,0,1.0000,1.0000,1.0000,1.0000
0.93,no,0,0,28,180,0.0000,0.0000,0.0000,1.0000
0.94,si,180,0,28,0,1.0000,1.0000,1.0000,1.0000
0.94,no,0,0,28,180,0.0000,0.0000,0.0000,1.0000
0.95,si,180,0,28,0,1.0000,1.0000,1.0000,1.0000
0.95,no,0,0,28,180,0.0000,0.0000,0.0000,1.0000
0.96,si,180,0,28,0,1.0000,1.0000,1.0000,1.0000
0.96,no,0,0,28,180,0.0000,0.0000,0.0000,1.0000
0.97,si,180,0,28,0,1.0000,1.0000,1.0000,1.0000
0.97,no,0,0,28,180,0.0000,0.0000,0.0000,1.0000
0.98,si,180,0,28,0,1.0000,1.0000,1.0000,1.0000
0.98,no,0,0,28,180,0.0000,0.0000,0.0000,1.0000
0.99,si,180,0,28,0,1.0000,1.0000,1.0000,1.0000
0.99,no,0,0,28,180,0.0000,0.0000,0.0000,1.0000
1.00,si,180,0,28,0,1.0000,1.0000,1.0000,1.0000
1.00,no,0,0,28,180,0.0000,0.0000,0.0000,1.0000
